PassengerId,Survived,Pclass,Name,Sex,Age,SibSp,Parch,Ticket,Fare,Cabin,Embarked
1,1,3,"Passenger, Mr. Synthetic0",male,15.21,0,0,TICK100000,18.8843,nan,S
2,0,2,"Passenger, Mrs. Synthetic1",female,16.95,0,0,TICK100001,38.5238,nan,S
3,0,3,"Passenger, Mrs. Synthetic2",female,,2,0,TICK100002,23.5174,nan,S
4,0,3,"Passenger, Mrs. Synthetic3",female,54.22,1,0,TICK100003,39.4614,nan,C
5,1,1,"Passenger, Mrs. Synthetic4",female,23.24,3,1,TICK100004,29.169,F94,S
6,1,3,"Passenger, Mrs. Synthetic5",female,23.91,0,1,TICK100005,15.726,nan,S
7,0,3,"Passenger, Mrs. Synthetic6",female,12.91,0,0,TICK100006,18.6258,nan,S
8,1,3,"Passenger, Mr. Synthetic7",male,2.29,0,0,TICK100007,37.8626,nan,S
9,1,1,"Passenger, Mrs. Synthetic8",female,27.36,0,0,TICK100008,100.1975,nan,Q
10,0,3,"Passenger, Mr. Synthetic9",male,15.03,0,2,TICK100009,35.0577,nan,S
11,1,2,"Passenger, Mr. Synthetic10",male,27.81,0,0,TICK100010,11.5735,nan,C
12,1,3,"Passenger, Mrs. Synthetic11",female,6.6,0,0,TICK100011,17.6546,nan,C
13,0,3,"Passenger, Mrs. Synthetic12",female,18.33,2,0,TICK100012,25.6633,nan,S
14,0,3,"Passenger, Mrs. Synthetic13",female,31.08,0,0,TICK100013,3.7798,nan,S
15,0,2,"Passenger, Mr. Synthetic14",male,34.13,0,0,TICK100014,16.8039,D82,S
16,1,1,"Passenger, Mrs. Synthetic15",female,34.84,1,0,TICK100015,46.5345,C21,C
17,1,3,"Passenger, Mrs. Synthetic16",female,10.51,0,0,TICK100016,18.6984,A93,S
18,0,1,"Passenger, Mr. Synthetic17",male,40.97,1,0,TICK100017,77.981,E16,S
19,0,3,"Passenger, Mr. Synthetic18",male,,1,0,TICK100018,49.0255,nan,C
20,1,3,"Passenger, Mr. Synthetic19",male,37.86,0,0,TICK100019,70.4397,nan,C
21,0,3,"Passenger, Mrs. Synthetic20",female,28.85,1,1,TICK100020,5.0307,nan,S
22,0,2,"Passenger, Mr. Synthetic21",male,9.73,0,0,TICK100021,60.7582,nan,S
23,0,3,"Passenger, Mrs. Synthetic22",female,24.57,1,0,TICK100022,4.3152,nan,S
24,0,3,"Passenger, Mr. Synthetic23",male,34.12,1,1,TICK100023,4.0374,nan,S
25,1,3,"Passenger, Mrs. Synthetic24",female,37.58,1,0,TICK100024,11.0072,B82,C
26,1,1,"Passenger, Mr. Synthetic25",male,27.03,0,0,TICK100025,25.7137,nan,S
27,1,3,"Passenger, Mrs. Synthetic26",female,50.44,0,0,TICK100026,41.8976,E53,S
28,0,1,"Passenger, Mr. Synthetic27",male,43.11,1,3,TICK100027,23.2058,nan,C
29,1,1,"Passenger, Mr. Synthetic28",male,,2,0,TICK100028,70.9135,A1,S
30,0,3,"Passenger, Mrs. Synthetic29",female,,0,0,TICK100029,11.1513,nan,S
31,0,3,"Passenger, Mrs. Synthetic30",female,56.07,0,0,TICK100030,51.6697,nan,S
32,1,3,"Passenger, Mrs. Synthetic31",female,56.45,0,0,TICK100031,23.1087,F18,S
33,1,2,"Passenger, Mr. Synthetic32",male,11.81,1,0,TICK100032,44.2809,F92,C
34,1,2,"Passenger, Mr. Synthetic33",male,,4,0,TICK100033,11.8438,nan,S
35,0,3,"Passenger, Mr. Synthetic34",male,49.79,0,2,TICK100034,46.2775,nan,S
36,0,1,"Passenger, Mr. Synthetic35",male,14.18,0,1,TICK100035,34.1504,nan,S
37,1,1,"Passenger, Mrs. Synthetic36",female,10.48,0,0,TICK100036,25.2453,C19,Q
38,0,3,"Passenger, Mrs. Synthetic37",female,22.19,0,0,TICK100037,13.2265,nan,S
39,1,1,"Passenger, Mrs. Synthetic38",female,34.88,0,3,TICK100038,36.5475,nan,Q
40,1,3,"Passenger, Mrs. Synthetic39",female,27.57,0,0,TICK100039,9.5455,nan,C
41,1,2,"Passenger, Mrs. Synthetic40",female,19.89,0,0,TICK100040,33.6978,nan,S
42,1,3,"Passenger, Mrs. Synthetic41",female,19.56,0,2,TICK100041,53.9878,nan,C
43,0,3,"Passenger, Mr. Synthetic42",male,19.03,0,0,TICK100042,18.6832,nan,S
44,0,2,"Passenger, Mr. Synthetic43",male,16.69,0,1,TICK100043,15.4479,B80,S
45,0,3,"Passenger, Mr. Synthetic44",male,60.94,1,0,TICK100044,17.413,nan,S
46,1,3,"Passenger, Mrs. Synthetic45",female,33.17,0,0,TICK100045,11.8673,nan,C
47,0,2,"Passenger, Mr. Synthetic46",male,41.41,1,1,TICK100046,13.2988,nan,C
48,1,2,"Passenger, Mr. Synthetic47",male,22.15,0,0,TICK100047,17.6852,nan,C
49,0,3,"Passenger, Mrs. Synthetic48",female,26.4,0,0,TICK100048,15.0734,nan,Q
50,1,1,"Passenger, Mr. Synthetic49",male,19.01,0,0,TICK100049,48.1838,nan,S
51,1,1,"Passenger, Mr. Synthetic50",male,0.42,0,0,TICK100050,83.9565,nan,C
52,1,1,"Passenger, Mrs. Synthetic51",female,9.71,0,0,TICK100051,21.3437,nan,C
53,0,3,"Passenger, Mrs. Synthetic52",female,3.65,0,0,TICK100052,6.3191,nan,S
54,0,3,"Passenger, Mr. Synthetic53",male,0.42,1,0,TICK100053,8.9478,nan,S
55,0,3,"Passenger, Mrs. Synthetic54",female,12.26,0,0,TICK100054,53.5345,nan,S
56,0,3,"Passenger, Mr. Synthetic55",male,47.55,0,0,TICK100055,23.2092,nan,C
57,1,3,"Passenger, Mrs. Synthetic56",female,28.38,0,1,TICK100056,11.1889,nan,S
58,0,3,"Passenger, Mr. Synthetic57",male,47.07,0,0,TICK100057,15.6405,nan,S
59,1,1,"Passenger, Mr. Synthetic58",male,34.75,1,0,TICK100058,44.1219,E3,S
60,1,1,"Passenger, Mr. Synthetic59",male,39.96,1,0,TICK100059,28.5641,nan,S
61,0,3,"Passenger, Mr. Synthetic60",male,16.39,0,0,TICK100060,54.4791,nan,S
62,1,3,"Passenger, Mrs. Synthetic61",female,36.34,0,0,TICK100061,49.947,nan,S
63,1,3,"Passenger, Mr. Synthetic62",male,39.2,0,0,TICK100062,23.4542,nan,C
64,0,3,"Passenger, Mr. Synthetic63",male,20.93,0,0,TICK100063,78.7369,nan,S
65,0,3,"Passenger, Mr. Synthetic64",male,36.83,1,2,TICK100064,0.6053,E87,C
66,1,3,"Passenger, Mrs. Synthetic65",female,36.93,1,1,TICK100065,117.5129,nan,S
67,1,3,"Passenger, Mrs. Synthetic66",female,21.31,0,0,TICK100066,138.8096,nan,Q
68,0,2,"Passenger, Mrs. Synthetic67",female,13.28,0,1,TICK100067,15.5072,nan,S
69,1,1,"Passenger, Mr. Synthetic68",male,12.42,0,2,TICK100068,30.6682,nan,S
70,1,2,"Passenger, Mr. Synthetic69",male,30.21,0,0,TICK100069,27.6063,nan,S
71,0,1,"Passenger, Mr. Synthetic70",male,33.58,0,0,TICK100070,23.7112,nan,S
72,0,2,"Passenger, Mr. Synthetic71",male,17.9,0,0,TICK100071,40.0676,nan,S
73,0,3,"Passenger, Mrs. Synthetic72",female,29.37,2,0,TICK100072,7.6425,nan,C
74,1,1,"Passenger, Mrs. Synthetic73",female,36.99,0,0,TICK100073,51.6553,nan,S
75,1,1,"Passenger, Mr. Synthetic74",male,37.65,0,0,TICK100074,44.3146,nan,S
76,0,2,"Passenger, Mr. Synthetic75",male,50.73,0,0,TICK100075,30.8398,nan,S
77,0,2,"Passenger, Mrs. Synthetic76",female,46.88,0,1,TICK100076,15.4832,nan,S
78,1,3,"Passenger, Mr. Synthetic77",male,14.98,1,1,TICK100077,14.3045,nan,S
79,0,3,"Passenger, Mr. Synthetic78",male,52.57,0,0,TICK100078,48.6451,nan,S
80,0,3,"Passenger, Mr. Synthetic79",male,21.57,1,0,TICK100079,60.5959,nan,S
81,0,3,"Passenger, Mr. Synthetic80",male,43.63,1,0,TICK100080,3.9609,D12,Q
82,0,2,"Passenger, Mr. Synthetic81",male,29.95,0,0,TICK100081,12.5727,nan,S
83,0,3,"Passenger, Mr. Synthetic82",male,23.23,0,2,TICK100082,16.5984,nan,S
84,0,1,"Passenger, Mr. Synthetic83",male,3.69,2,1,TICK100083,23.5332,nan,S
85,0,1,"Passenger, Mr. Synthetic84",male,26.6,0,2,TICK100084,79.389,nan,S
86,1,1,"Passenger, Mr. Synthetic85",male,7.17,0,1,TICK100085,82.6843,C40,S
87,0,3,"Passenger, Mr. Synthetic86",male,,2,2,TICK100086,42.4933,nan,Q
88,0,3,"Passenger, Mrs. Synthetic87",female,50.24,1,0,TICK100087,14.8326,A58,S
89,1,1,"Passenger, Mrs. Synthetic88",female,17.84,0,0,TICK100088,23.5764,C10,S
90,0,3,"Passenger, Mr. Synthetic89",male,33.23,0,0,TICK100089,1.2754,nan,C
91,1,1,"Passenger, Mr. Synthetic90",male,18.84,0,0,TICK100090,57.0024,nan,S
92,0,3,"Passenger, Mrs. Synthetic91",female,,1,0,TICK100091,33.8296,nan,C
93,0,2,"Passenger, Mr. Synthetic92",male,,0,0,TICK100092,22.0907,nan,S
94,0,2,"Passenger, Mr. Synthetic93",male,28.46,0,2,TICK100093,44.0288,nan,S
95,1,2,"Passenger, Mrs. Synthetic94",female,,1,0,TICK100094,37.4033,nan,Q
96,1,3,"Passenger, Mr. Synthetic95",male,22.25,2,2,TICK100095,2.8303,nan,C
97,0,2,"Passenger, Mrs. Synthetic96",female,42.99,1,1,TICK100096,19.209,nan,C
98,1,1,"Passenger, Mr. Synthetic97",male,30.36,0,0,TICK100097,58.2524,nan,S
99,1,1,"Passenger, Mrs. Synthetic98",female,40.14,0,0,TICK100098,41.5143,nan,C
100,0,3,"Passenger, Mr. Synthetic99",male,22.74,2,0,TICK100099,57.3773,B25,S
101,0,3,"Passenger, Mr. Synthetic100",male,,2,0,TICK100100,15.6304,nan,S
102,0,3,"Passenger, Mr. Synthetic101",male,27.38,0,0,TICK100101,79.7181,nan,S
103,1,2,"Passenger, Mr. Synthetic102",male,17.3,0,2,TICK100102,63.1574,nan,S
104,1,3,"Passenger, Mrs. Synthetic103",female,,0,0,TICK100103,61.0641,nan,S
105,0,3,"Passenger, Mr. Synthetic104",male,38.1,0,0,TICK100104,31.2991,F31,S
106,1,3,"Passenger, Mr. Synthetic105",male,37.31,0,0,TICK100105,3.2086,nan,C
107,1,2,"Passenger, Mrs. Synthetic106",female,50.52,0,0,TICK100106,21.0211,nan,C
108,1,2,"Passenger, Mrs. Synthetic107",female,49.29,0,0,TICK100107,113.3784,nan,Q
109,1,1,"Passenger, Mr. Synthetic108",male,23.75,1,0,TICK100108,29.5898,nan,S
110,0,3,"Passenger, Mr. Synthetic109",male,34.22,0,0,TICK100109,28.5263,nan,Q
111,0,3,"Passenger, Mrs. Synthetic110",female,20.27,0,0,TICK100110,71.4233,nan,S
112,1,1,"Passenger, Mrs. Synthetic111",female,29.33,0,0,TICK100111,85.2041,nan,S
113,1,2,"Passenger, Mrs. Synthetic112",female,20.6,0,0,TICK100112,60.3717,nan,C
114,1,3,"Passenger, Mrs. Synthetic113",female,51.68,0,0,TICK100113,53.8056,C74,S
115,0,1,"Passenger, Mrs. Synthetic114",female,34.09,0,0,TICK100114,63.0475,nan,S
116,0,3,"Passenger, Mr. Synthetic115",male,25.95,0,0,TICK100115,47.6512,nan,S
117,0,3,"Passenger, Mr. Synthetic116",male,45.71,0,0,TICK100116,18.9289,nan,S
118,0,3,"Passenger, Mr. Synthetic117",male,0.42,2,0,TICK100117,46.5783,E1,C
119,1,2,"Passenger, Mrs. Synthetic118",female,,0,0,TICK100118,29.0895,nan,S
120,1,3,"Passenger, Mrs. Synthetic119",female,40.14,2,0,TICK100119,69.1044,D54,S
121,1,3,"Passenger, Mr. Synthetic120",male,29.85,1,0,TICK100120,19.6385,nan,S
122,0,3,"Passenger, Mr. Synthetic121",male,,1,0,TICK100121,47.8105,nan,S
123,0,1,"Passenger, Mr. Synthetic122",male,10.43,0,2,TICK100122,42.7862,nan,C
124,0,2,"Passenger, Mrs. Synthetic123",female,28.67,0,0,TICK100123,13.7439,nan,Q
125,0,1,"Passenger, Mr. Synthetic124",male,57.05,0,2,TICK100124,118.7147,nan,C
126,0,3,"Passenger, Mr. Synthetic125",male,40.54,1,0,TICK100125,14.7884,nan,C
127,0,2,"Passenger, Mr. Synthetic126",male,31.38,0,0,TICK100126,20.2815,nan,S
128,0,1,"Passenger, Mr. Synthetic127",male,22.85,2,0,TICK100127,22.6698,nan,C
129,0,1,"Passenger, Mr. Synthetic128",male,23.48,0,1,TICK100128,39.243,nan,S
130,0,3,"Passenger, Mr. Synthetic129",male,0.42,1,1,TICK100129,17.6596,nan,S
131,1,1,"Passenger, Mr. Synthetic130",male,32.61,0,0,TICK100130,93.6987,nan,S
132,0,3,"Passenger, Mr. Synthetic131",male,40.84,0,1,TICK100131,43.2545,nan,S
133,0,3,"Passenger, Mr. Synthetic132",male,,0,0,TICK100132,5.9597,nan,C
134,1,2,"Passenger, Mr. Synthetic133",male,19.74,0,0,TICK100133,26.3047,nan,S
135,0,3,"Passenger, Mr. Synthetic134",male,12.8,0,0,TICK100134,28.5701,nan,Q
136,1,1,"Passenger, Mrs. Synthetic135",female,15.49,0,3,TICK100135,103.3298,nan,S
137,1,3,"Passenger, Mr. Synthetic136",male,29.75,0,0,TICK100136,1.6358,nan,S
138,0,3,"Passenger, Mr. Synthetic137",male,0.42,0,1,TICK100137,13.733,nan,C
139,0,3,"Passenger, Mr. Synthetic138",male,37.6,0,0,TICK100138,7.3018,B92,S
140,0,1,"Passenger, Mr. Synthetic139",male,39.55,3,0,TICK100139,45.1457,B36,S
141,0,3,"Passenger, Mr. Synthetic140",male,25.48,0,0,TICK100140,23.5548,nan,S
142,0,3,"Passenger, Mr. Synthetic141",male,,0,1,TICK100141,41.683,nan,Q
143,0,3,"Passenger, Mrs. Synthetic142",female,15.05,0,0,TICK100142,21.963,nan,C
144,0,3,"Passenger, Mr. Synthetic143",male,46.26,0,0,TICK100143,28.4379,E25,S
145,0,3,"Passenger, Mr. Synthetic144",male,,0,0,TICK100144,25.319,nan,S
146,0,2,"Passenger, Mr. Synthetic145",male,24.13,0,0,TICK100145,14.5323,nan,S
147,0,2,"Passenger, Mr. Synthetic146",male,12.48,2,0,TICK100146,18.6261,E20,S
148,0,3,"Passenger, Mr. Synthetic147",male,40.26,0,0,TICK100147,10.2232,nan,S
149,0,2,"Passenger, Mrs. Synthetic148",female,19.55,1,0,TICK100148,183.378,nan,S
150,1,1,"Passenger, Mrs. Synthetic149",female,34.66,0,0,TICK100149,23.6019,E2,S
151,0,3,"Passenger, Mr. Synthetic150",male,,0,0,TICK100150,5.3853,nan,S
152,0,3,"Passenger, Mr. Synthetic151",male,54.71,0,2,TICK100151,0.5754,nan,S
153,1,1,"Passenger, Mr. Synthetic152",male,26.16,0,0,TICK100152,42.1177,nan,S
154,0,3,"Passenger, Mr. Synthetic153",male,34.26,0,3,TICK100153,45.185,nan,S
155,1,1,"Passenger, Mrs. Synthetic154",female,8.21,0,2,TICK100154,61.2529,nan,C
156,0,3,"Passenger, Mr. Synthetic155",male,45.67,1,0,TICK100155,25.1245,D67,S
157,0,2,"Passenger, Mr. Synthetic156",male,18.35,0,0,TICK100156,35.9217,nan,C
158,1,3,"Passenger, Mrs. Synthetic157",female,21.15,0,0,TICK100157,19.3164,nan,S
159,1,3,"Passenger, Mr. Synthetic158",male,,0,0,TICK100158,23.5677,nan,S
160,0,3,"Passenger, Mr. Synthetic159",male,7.12,0,0,TICK100159,36.6567,nan,S
161,0,1,"Passenger, Mrs. Synthetic160",female,32.2,0,0,TICK100160,168.2906,nan,S
162,0,3,"Passenger, Mr. Synthetic161",male,42.54,0,0,TICK100161,74.0575,F71,S
163,1,1,"Passenger, Mr. Synthetic162",male,33.1,4,0,TICK100162,75.5026,nan,C
164,0,1,"Passenger, Mr. Synthetic163",male,6.76,0,3,TICK100163,95.5664,nan,Q
165,0,3,"Passenger, Mrs. Synthetic164",female,27.27,0,0,TICK100164,4.4392,nan,S
166,1,2,"Passenger, Mr. Synthetic165",male,39.39,1,0,TICK100165,65.9477,A29,S
167,0,3,"Passenger, Mr. Synthetic166",male,2.71,1,3,TICK100166,81.4548,nan,C
168,0,3,"Passenger, Mr. Synthetic167",male,13.95,0,0,TICK100167,2.2909,F61,S
169,0,2,"Passenger, Mr. Synthetic168",male,41.27,0,0,TICK100168,22.2243,C42,S
170,0,3,"Passenger, Mr. Synthetic169",male,32.78,1,1,TICK100169,45.1554,nan,C
171,1,2,"Passenger, Mr. Synthetic170",male,34.77,1,0,TICK100170,19.7001,nan,S
172,0,3,"Passenger, Mr. Synthetic171",male,55.03,0,0,TICK100171,10.786,nan,S
173,1,2,"Passenger, Mr. Synthetic172",male,35.56,2,0,TICK100172,58.1229,nan,S
174,1,3,"Passenger, Mrs. Synthetic173",female,38.21,0,2,TICK100173,46.8375,nan,S
175,0,1,"Passenger, Mr. Synthetic174",male,66.95,1,0,TICK100174,23.6242,E90,S
176,1,1,"Passenger, Mrs. Synthetic175",female,26.01,0,0,TICK100175,35.4708,nan,C
177,0,2,"Passenger, Mr. Synthetic176",male,17.83,0,0,TICK100176,26.1257,nan,S
178,0,3,"Passenger, Mr. Synthetic177",male,34.99,0,0,TICK100177,4.7168,nan,C
179,0,3,"Passenger, Mrs. Synthetic178",female,35.15,0,0,TICK100178,10.3162,F53,C
180,1,3,"Passenger, Mrs. Synthetic179",female,21.63,0,0,TICK100179,1.0494,nan,C
181,0,3,"Passenger, Mr. Synthetic180",male,14.55,0,1,TICK100180,10.6045,nan,S
182,1,3,"Passenger, Mrs. Synthetic181",female,61.34,0,0,TICK100181,18.8234,C90,S
183,0,3,"Passenger, Mr. Synthetic182",male,33.58,0,0,TICK100182,12.9351,D54,S
184,0,2,"Passenger, Mr. Synthetic183",male,,1,0,TICK100183,58.6129,nan,S
185,1,3,"Passenger, Mrs. Synthetic184",female,41.82,1,0,TICK100184,49.6259,nan,Q
186,0,3,"Passenger, Mr. Synthetic185",male,27.47,0,0,TICK100185,26.4771,nan,S
187,1,2,"Passenger, Mrs. Synthetic186",female,,0,0,TICK100186,21.6306,nan,C
188,0,1,"Passenger, Mr. Synthetic187",male,36.87,0,0,TICK100187,21.3624,nan,S
189,1,3,"Passenger, Mrs. Synthetic188",female,10.91,2,0,TICK100188,4.6243,nan,S
190,0,2,"Passenger, Mr. Synthetic189",male,33.94,0,0,TICK100189,57.3354,nan,S
191,0,3,"Passenger, Mr. Synthetic190",male,55.78,0,0,TICK100190,2.5281,E29,C
192,0,2,"Passenger, Mr. Synthetic191",male,35.53,2,0,TICK100191,11.3416,nan,S
193,1,1,"Passenger, Mr. Synthetic192",male,23.73,2,2,TICK100192,35.9415,C62,S
194,1,3,"Passenger, Mr. Synthetic193",male,21.9,0,1,TICK100193,59.2031,nan,C
195,0,1,"Passenger, Mr. Synthetic194",male,23.26,0,2,TICK100194,56.2423,nan,S
196,0,1,"Passenger, Mr. Synthetic195",male,25.44,0,2,TICK100195,75.4653,nan,S
197,0,3,"Passenger, Mr. Synthetic196",male,23.71,1,0,TICK100196,13.9665,nan,S
198,0,3,"Passenger, Mr. Synthetic197",male,41.83,0,2,TICK100197,20.7599,nan,S
199,1,1,"Passenger, Mrs. Synthetic198",female,4.74,0,0,TICK100198,37.05,nan,S
200,1,2,"Passenger, Mrs. Synthetic199",female,41.07,0,0,TICK100199,47.5677,nan,S
201,0,3,"Passenger, Mrs. Synthetic200",female,23.68,0,0,TICK100200,17.1424,nan,S
202,0,3,"Passenger, Mr. Synthetic201",male,34.28,0,0,TICK100201,41.3289,nan,S
203,1,3,"Passenger, Mrs. Synthetic202",female,13.22,0,0,TICK100202,15.491,nan,S
204,1,1,"Passenger, Mr. Synthetic203",male,,1,0,TICK100203,33.1507,nan,S
205,0,1,"Passenger, Mr. Synthetic204",male,46.44,1,0,TICK100204,43.8866,nan,S
206,1,1,"Passenger, Mr. Synthetic205",male,42.43,0,1,TICK100205,27.8218,nan,S
207,1,1,"Passenger, Mrs. Synthetic206",female,7.79,1,0,TICK100206,254.0414,nan,S
208,0,3,"Passenger, Mr. Synthetic207",male,40.61,0,0,TICK100207,22.5714,D30,S
209,0,1,"Passenger, Mr. Synthetic208",male,34.67,0,0,TICK100208,45.8028,B42,S
210,1,3,"Passenger, Mrs. Synthetic209",female,6.53,0,0,TICK100209,25.0485,nan,C
211,0,3,"Passenger, Mr. Synthetic210",male,,1,0,TICK100210,0.8488,F42,C
212,0,3,"Passenger, Mr. Synthetic211",male,34.1,1,0,TICK100211,27.6863,nan,S
213,1,1,"Passenger, Mrs. Synthetic212",female,36.79,1,0,TICK100212,63.0389,nan,S
214,1,3,"Passenger, Mr. Synthetic213",male,31.48,1,0,TICK100213,22.9283,C66,S
215,0,3,"Passenger, Mr. Synthetic214",male,33.08,2,1,TICK100214,27.5454,nan,C
216,0,3,"Passenger, Mrs. Synthetic215",female,,0,0,TICK100215,23.2679,A70,S
217,0,1,"Passenger, Mrs. Synthetic216",female,46.16,2,0,TICK100216,68.5644,nan,S
218,0,1,"Passenger, Mr. Synthetic217",male,0.42,0,0,TICK100217,34.9546,nan,S
219,0,3,"Passenger, Mr. Synthetic218",male,24.56,0,1,TICK100218,11.3508,nan,S
220,1,2,"Passenger, Mr. Synthetic219",male,26.69,0,0,TICK100219,28.4909,A79,S
221,1,2,"Passenger, Mr. Synthetic220",male,4.47,0,0,TICK100220,34.0181,nan,C
222,0,3,"Passenger, Mr. Synthetic221",male,30.32,0,0,TICK100221,19.3348,nan,Q
223,0,3,"Passenger, Mr. Synthetic222",male,46.48,0,0,TICK100222,20.3031,nan,S
224,1,3,"Passenger, Mrs. Synthetic223",female,,0,0,TICK100223,27.696,nan,S
225,0,2,"Passenger, Mrs. Synthetic224",female,33.71,0,0,TICK100224,10.8209,nan,S
226,0,3,"Passenger, Mr. Synthetic225",male,16.18,1,0,TICK100225,120.4687,nan,S
227,0,1,"Passenger, Mr. Synthetic226",male,19.59,0,0,TICK100226,39.4045,F43,S
228,0,3,"Passenger, Mr. Synthetic227",male,49.68,0,0,TICK100227,24.9577,nan,S
229,0,3,"Passenger, Mrs. Synthetic228",female,21.4,0,0,TICK100228,49.2438,nan,C
230,1,1,"Passenger, Mr. Synthetic229",male,35.47,0,2,TICK100229,38.4956,nan,Q
231,1,1,"Passenger, Mr. Synthetic230",male,,0,0,TICK100230,52.5052,nan,S
232,0,2,"Passenger, Mr. Synthetic231",male,55.07,1,0,TICK100231,120.7472,B36,S
233,0,3,"Passenger, Mr. Synthetic232",male,37.44,0,0,TICK100232,26.9685,nan,S
234,0,3,"Passenger, Mrs. Synthetic233",female,26.45,1,2,TICK100233,55.2728,nan,S
235,0,3,"Passenger, Mrs. Synthetic234",female,37.06,1,0,TICK100234,37.9904,nan,S
236,1,3,"Passenger, Mr. Synthetic235",male,9.26,0,2,TICK100235,18.9464,nan,S
237,0,3,"Passenger, Mrs. Synthetic236",female,45.56,1,0,TICK100236,21.8703,nan,S
238,1,3,"Passenger, Mrs. Synthetic237",female,24.46,0,0,TICK100237,6.3805,E74,C
239,0,1,"Passenger, Mr. Synthetic238",male,,1,0,TICK100238,46.4042,E42,S
240,1,1,"Passenger, Mr. Synthetic239",male,22.12,1,0,TICK100239,39.8982,D2,S
241,1,3,"Passenger, Mr. Synthetic240",male,20.87,1,1,TICK100240,16.3473,nan,S
242,0,3,"Passenger, Mrs. Synthetic241",female,38.73,0,1,TICK100241,6.5835,A13,Q
243,0,1,"Passenger, Mr. Synthetic242",male,32.58,1,0,TICK100242,40.5502,nan,S
244,0,3,"Passenger, Mr. Synthetic243",male,38.12,4,3,TICK100243,72.6752,nan,S
245,1,3,"Passenger, Mr. Synthetic244",male,,0,0,TICK100244,6.3969,nan,S
246,0,3,"Passenger, Mrs. Synthetic245",female,36.18,1,0,TICK100245,23.6408,nan,S
247,1,3,"Passenger, Mr. Synthetic246",male,23.14,1,0,TICK100246,9.6199,nan,Q
248,1,2,"Passenger, Mrs. Synthetic247",female,60.22,0,0,TICK100247,22.3444,nan,S
249,0,2,"Passenger, Mr. Synthetic248",male,7.05,2,1,TICK100248,11.0611,nan,C
250,1,2,"Passenger, Mrs. Synthetic249",female,46.65,0,0,TICK100249,74.2672,nan,S
251,0,3,"Passenger, Mr. Synthetic250",male,48.15,0,0,TICK100250,3.9199,nan,S
252,1,3,"Passenger, Mr. Synthetic251",male,17.07,0,0,TICK100251,23.6072,nan,S
253,1,3,"Passenger, Mrs. Synthetic252",female,,0,0,TICK100252,24.4637,nan,S
254,0,2,"Passenger, Mrs. Synthetic253",female,42.94,1,0,TICK100253,41.2801,nan,S
255,1,1,"Passenger, Mr. Synthetic254",male,42.6,0,0,TICK100254,25.7602,nan,S
256,0,3,"Passenger, Mr. Synthetic255",male,29.39,0,0,TICK100255,49.7271,F57,S
257,0,3,"Passenger, Mrs. Synthetic256",female,,0,0,TICK100256,14.3565,nan,C
258,1,1,"Passenger, Mrs. Synthetic257",female,26.07,0,0,TICK100257,38.3607,nan,Q
259,0,1,"Passenger, Mr. Synthetic258",male,34.47,1,0,TICK100258,24.9939,F86,S
260,0,3,"Passenger, Mr. Synthetic259",male,48.62,1,0,TICK100259,6.6592,nan,S
261,1,1,"Passenger, Mrs. Synthetic260",female,31.54,0,1,TICK100260,21.8039,nan,C
262,1,3,"Passenger, Mrs. Synthetic261",female,16.24,0,2,TICK100261,0.0786,E58,S
263,0,2,"Passenger, Mrs. Synthetic262",female,40.54,0,0,TICK100262,73.4658,nan,C
264,0,1,"Passenger, Mr. Synthetic263",male,41.9,0,2,TICK100263,21.06,nan,S
265,0,3,"Passenger, Mr. Synthetic264",male,38.17,0,0,TICK100264,19.1671,nan,C
266,0,1,"Passenger, Mrs. Synthetic265",female,39.44,0,0,TICK100265,96.2029,nan,S
267,1,2,"Passenger, Mrs. Synthetic266",female,25.21,0,0,TICK100266,30.4684,nan,S
268,0,1,"Passenger, Mrs. Synthetic267",female,15.99,0,0,TICK100267,24.8515,nan,S
269,0,1,"Passenger, Mr. Synthetic268",male,16.85,0,1,TICK100268,98.9735,nan,S
270,0,1,"Passenger, Mr. Synthetic269",male,6.1,0,0,TICK100269,60.3983,nan,C
271,0,1,"Passenger, Mrs. Synthetic270",female,32.32,1,0,TICK100270,20.6082,nan,Q
272,0,1,"Passenger, Mr. Synthetic271",male,27.83,1,0,TICK100271,68.5133,nan,S
273,1,1,"Passenger, Mrs. Synthetic272",female,,0,0,TICK100272,58.8938,nan,S
274,0,3,"Passenger, Mr. Synthetic273",male,0.42,1,0,TICK100273,58.3708,nan,S
275,0,3,"Passenger, Mrs. Synthetic274",female,11.54,1,0,TICK100274,33.7713,nan,S
276,0,2,"Passenger, Mrs. Synthetic275",female,44.69,0,0,TICK100275,17.3327,nan,S
277,1,2,"Passenger, Mr. Synthetic276",male,19.7,0,0,TICK100276,44.4025,nan,C
278,0,3,"Passenger, Mr. Synthetic277",male,34.05,0,0,TICK100277,40.1248,nan,C
279,0,3,"Passenger, Mr. Synthetic278",male,9.53,1,0,TICK100278,52.0052,nan,S
280,0,3,"Passenger, Mr. Synthetic279",male,49.14,0,0,TICK100279,16.1792,nan,S
281,0,1,"Passenger, Mr. Synthetic280",male,26.98,0,0,TICK100280,38.4243,F7,S
282,1,1,"Passenger, Mr. Synthetic281",male,33.06,0,0,TICK100281,44.1953,nan,S
283,1,1,"Passenger, Mrs. Synthetic282",female,61.56,0,0,TICK100282,41.8685,nan,S
284,1,2,"Passenger, Mr. Synthetic283",male,50.23,2,0,TICK100283,28.5162,nan,S
285,0,3,"Passenger, Mr. Synthetic284",male,24.71,0,0,TICK100284,10.5123,E89,S
286,0,2,"Passenger, Mr. Synthetic285",male,20.69,1,0,TICK100285,15.3903,nan,S
287,1,1,"Passenger, Mr. Synthetic286",male,24.44,4,0,TICK100286,54.1695,nan,C
288,0,2,"Passenger, Mr. Synthetic287",male,36.14,1,0,TICK100287,59.0468,nan,S
289,0,3,"Passenger, Mr. Synthetic288",male,27.53,0,2,TICK100288,23.1254,D76,S
290,0,1,"Passenger, Mrs. Synthetic289",female,,1,0,TICK100289,41.3927,nan,S
291,0,3,"Passenger, Mr. Synthetic290",male,49.54,0,0,TICK100290,87.3653,nan,C
292,1,1,"Passenger, Mrs. Synthetic291",female,27.4,0,0,TICK100291,57.8234,nan,S
293,0,3,"Passenger, Mr. Synthetic292",male,61.19,1,0,TICK100292,20.0388,D11,S
294,0,1,"Passenger, Mr. Synthetic293",male,30.27,1,2,TICK100293,36.8149,nan,S
295,0,3,"Passenger, Mrs. Synthetic294",female,53.99,0,0,TICK100294,14.988,nan,S
296,0,3,"Passenger, Mrs. Synthetic295",female,34.0,0,0,TICK100295,27.1256,nan,S
297,0,3,"Passenger, Mr. Synthetic296",male,42.48,1,3,TICK100296,27.1163,A10,C
298,0,3,"Passenger, Mr. Synthetic297",male,18.86,1,0,TICK100297,50.5554,nan,S
299,0,3,"Passenger, Mr. Synthetic298",male,17.05,0,0,TICK100298,7.6525,nan,S
300,0,3,"Passenger, Mr. Synthetic299",male,35.44,1,0,TICK100299,51.7417,nan,S
301,0,3,"Passenger, Mr. Synthetic300",male,42.84,0,0,TICK100300,36.4384,nan,C
302,1,1,"Passenger, Mr. Synthetic301",male,29.56,0,0,TICK100301,33.444,nan,C
303,0,3,"Passenger, Mr. Synthetic302",male,10.99,0,0,TICK100302,9.3177,nan,C
304,0,3,"Passenger, Mr. Synthetic303",male,9.96,3,2,TICK100303,36.1023,E87,S
305,0,3,"Passenger, Mrs. Synthetic304",female,9.02,0,2,TICK100304,23.1838,nan,C
306,0,3,"Passenger, Mrs. Synthetic305",female,4.25,0,0,TICK100305,5.3408,F32,S
307,0,2,"Passenger, Mr. Synthetic306",male,30.53,0,0,TICK100306,28.771,nan,S
308,0,3,"Passenger, Mr. Synthetic307",male,,1,0,TICK100307,39.0878,nan,S
309,0,2,"Passenger, Mr. Synthetic308",male,28.81,0,0,TICK100308,48.2632,nan,C
310,0,1,"Passenger, Mr. Synthetic309",male,0.42,0,0,TICK100309,46.7284,D87,S
311,0,3,"Passenger, Mrs. Synthetic310",female,,4,0,TICK100310,37.573,A67,S
312,1,2,"Passenger, Mrs. Synthetic311",female,26.72,0,0,TICK100311,39.7715,nan,S
313,0,1,"Passenger, Mrs. Synthetic312",female,58.34,0,0,TICK100312,46.6049,nan,S
314,1,2,"Passenger, Mrs. Synthetic313",female,8.6,0,0,TICK100313,20.0975,nan,S
315,1,2,"Passenger, Mrs. Synthetic314",female,,1,0,TICK100314,50.3359,F61,S
316,1,2,"Passenger, Mrs. Synthetic315",female,52.88,0,0,TICK100315,32.41,F66,C
317,1,2,"Passenger, Mr. Synthetic316",male,35.3,0,1,TICK100316,57.0004,nan,S
318,0,3,"Passenger, Mr. Synthetic317",male,36.89,0,0,TICK100317,36.2886,nan,S
319,0,2,"Passenger, Mr. Synthetic318",male,30.6,1,1,TICK100318,11.1689,nan,S
320,0,3,"Passenger, Mr. Synthetic319",male,33.62,1,0,TICK100319,18.8644,nan,S
321,0,3,"Passenger, Mr. Synthetic320",male,39.89,0,1,TICK100320,14.4062,nan,Q
322,1,3,"Passenger, Mrs. Synthetic321",female,,0,0,TICK100321,10.2995,nan,S
323,1,2,"Passenger, Mr. Synthetic322",male,,1,0,TICK100322,37.141,nan,S
324,0,3,"Passenger, Mr. Synthetic323",male,9.78,0,2,TICK100323,9.0982,nan,S
325,0,3,"Passenger, Mr. Synthetic324",male,33.6,0,0,TICK100324,5.3268,nan,Q
326,0,3,"Passenger, Mr. Synthetic325",male,31.5,0,0,TICK100325,5.4312,nan,S
327,0,3,"Passenger, Mr. Synthetic326",male,20.37,0,0,TICK100326,6.2783,nan,C
328,0,3,"Passenger, Mrs. Synthetic327",female,28.68,0,0,TICK100327,26.0657,nan,S
329,0,3,"Passenger, Mr. Synthetic328",male,20.28,0,0,TICK100328,87.2101,nan,S
330,0,2,"Passenger, Mrs. Synthetic329",female,14.0,0,0,TICK100329,22.3728,E38,S
331,0,3,"Passenger, Mr. Synthetic330",male,24.05,0,1,TICK100330,54.208,nan,S
332,1,1,"Passenger, Mr. Synthetic331",male,13.54,1,0,TICK100331,26.2326,B74,S
333,0,3,"Passenger, Mr. Synthetic332",male,33.52,0,0,TICK100332,13.0652,B9,S
334,1,3,"Passenger, Mrs. Synthetic333",female,12.9,0,0,TICK100333,53.8407,B60,C
335,1,1,"Passenger, Mrs. Synthetic334",female,38.97,1,1,TICK100334,57.5619,nan,C
336,0,3,"Passenger, Mr. Synthetic335",male,12.46,0,0,TICK100335,38.4409,nan,C
337,1,1,"Passenger, Mrs. Synthetic336",female,21.07,1,0,TICK100336,66.779,nan,S
338,0,3,"Passenger, Mr. Synthetic337",male,20.26,0,0,TICK100337,89.0189,nan,S
339,1,1,"Passenger, Mrs. Synthetic338",female,47.55,1,0,TICK100338,54.3318,nan,Q
340,0,3,"Passenger, Mr. Synthetic339",male,,0,1,TICK100339,4.625,nan,S
341,0,1,"Passenger, Mr. Synthetic340",male,26.04,0,0,TICK100340,69.0766,C73,S
342,1,3,"Passenger, Mrs. Synthetic341",female,35.98,0,1,TICK100341,44.2038,nan,C
343,0,3,"Passenger, Mr. Synthetic342",male,,0,0,TICK100342,51.3763,nan,S
344,0,3,"Passenger, Mr. Synthetic343",male,28.4,0,0,TICK100343,11.1487,nan,S
345,0,3,"Passenger, Mr. Synthetic344",male,,1,0,TICK100344,24.7009,nan,C
346,0,3,"Passenger, Mr. Synthetic345",male,30.85,1,0,TICK100345,2.3606,nan,S
347,0,3,"Passenger, Mrs. Synthetic346",female,29.95,0,0,TICK100346,11.1627,D35,S
348,0,2,"Passenger, Mrs. Synthetic347",female,36.67,1,0,TICK100347,28.4913,nan,S
349,0,3,"Passenger, Mrs. Synthetic348",female,41.54,1,0,TICK100348,14.3109,nan,S
350,1,1,"Passenger, Mr. Synthetic349",male,,1,0,TICK100349,70.3199,nan,C
351,0,3,"Passenger, Mr. Synthetic350",male,5.45,1,0,TICK100350,13.9744,nan,S
352,0,1,"Passenger, Mr. Synthetic351",male,31.94,0,0,TICK100351,158.5882,F52,S
353,0,3,"Passenger, Mr. Synthetic352",male,,0,0,TICK100352,11.9379,B22,C
354,0,3,"Passenger, Mr. Synthetic353",male,47.37,0,0,TICK100353,22.4102,C4,S
355,1,3,"Passenger, Mrs. Synthetic354",female,24.59,2,0,TICK100354,2.3357,E70,C
356,0,3,"Passenger, Mrs. Synthetic355",female,1.92,0,0,TICK100355,26.3752,E54,S
357,1,3,"Passenger, Mrs. Synthetic356",female,11.25,0,0,TICK100356,14.9579,nan,S
358,0,3,"Passenger, Mr. Synthetic357",male,0.42,0,0,TICK100357,115.918,nan,S
359,0,3,"Passenger, Mr. Synthetic358",male,25.72,2,0,TICK100358,21.7865,nan,S
360,0,3,"Passenger, Mr. Synthetic359",male,26.36,0,0,TICK100359,2.3473,nan,C
361,0,3,"Passenger, Mr. Synthetic360",male,23.06,0,0,TICK100360,3.1295,B46,C
362,0,1,"Passenger, Mr. Synthetic361",male,44.1,1,0,TICK100361,22.651,nan,Q
363,1,1,"Passenger, Mr. Synthetic362",male,45.78,4,0,TICK100362,32.0914,D24,S
364,0,1,"Passenger, Mr. Synthetic363",male,26.61,0,2,TICK100363,30.6862,nan,C
365,1,3,"Passenger, Mrs. Synthetic364",female,0.42,1,0,TICK100364,105.4228,E87,S
366,1,2,"Passenger, Mr. Synthetic365",male,37.64,1,1,TICK100365,15.9023,nan,Q
367,0,3,"Passenger, Mrs. Synthetic366",female,36.78,0,0,TICK100366,32.7934,nan,S
368,0,3,"Passenger, Mr. Synthetic367",male,33.33,1,0,TICK100367,15.4692,nan,C
369,1,2,"Passenger, Mr. Synthetic368",male,42.74,0,0,TICK100368,44.1762,nan,S
370,0,3,"Passenger, Mr. Synthetic369",male,12.69,0,0,TICK100369,10.8004,nan,S
371,0,3,"Passenger, Mr. Synthetic370",male,57.12,0,2,TICK100370,1.9118,C13,C
372,1,2,"Passenger, Mr. Synthetic371",male,15.57,0,0,TICK100371,16.9924,nan,S
373,0,2,"Passenger, Mr. Synthetic372",male,39.49,0,2,TICK100372,23.0672,nan,S
374,0,2,"Passenger, Mrs. Synthetic373",female,5.38,0,0,TICK100373,77.6674,nan,Q
375,0,1,"Passenger, Mr. Synthetic374",male,15.98,0,1,TICK100374,57.604,nan,S
376,1,1,"Passenger, Mr. Synthetic375",male,50.23,0,2,TICK100375,27.2902,nan,S
377,0,3,"Passenger, Mr. Synthetic376",male,25.35,0,0,TICK100376,18.3544,nan,S
378,0,2,"Passenger, Mr. Synthetic377",male,40.76,0,0,TICK100377,21.4156,nan,S
379,1,2,"Passenger, Mr. Synthetic378",male,32.32,1,0,TICK100378,10.7107,nan,S
380,0,3,"Passenger, Mr. Synthetic379",male,27.53,1,0,TICK100379,4.8278,E60,Q
381,1,3,"Passenger, Mrs. Synthetic380",female,48.09,0,2,TICK100380,38.9957,E75,Q
382,0,3,"Passenger, Mrs. Synthetic381",female,25.69,2,0,TICK100381,27.8763,nan,S
383,1,3,"Passenger, Mrs. Synthetic382",female,4.07,0,0,TICK100382,14.9175,D50,S
384,0,3,"Passenger, Mr. Synthetic383",male,17.75,1,0,TICK100383,33.3192,C72,S
385,0,2,"Passenger, Mr. Synthetic384",male,36.72,0,0,TICK100384,64.1129,F70,C
386,1,3,"Passenger, Mrs. Synthetic385",female,34.54,1,3,TICK100385,51.9926,nan,S
387,0,3,"Passenger, Mr. Synthetic386",male,,4,0,TICK100386,4.3114,C7,S
388,0,3,"Passenger, Mr. Synthetic387",male,18.86,1,0,TICK100387,77.1877,C74,Q
389,1,1,"Passenger, Mr. Synthetic388",male,20.86,0,2,TICK100388,25.4713,nan,C
390,0,3,"Passenger, Mrs. Synthetic389",female,,0,0,TICK100389,40.9675,nan,S
391,0,3,"Passenger, Mr. Synthetic390",male,9.74,0,0,TICK100390,3.357,nan,S
392,0,1,"Passenger, Mrs. Synthetic391",female,20.2,0,0,TICK100391,27.1039,nan,S
393,0,3,"Passenger, Mrs. Synthetic392",female,18.8,1,0,TICK100392,41.9814,nan,S
394,0,3,"Passenger, Mr. Synthetic393",male,39.8,4,0,TICK100393,10.1023,nan,S
395,1,1,"Passenger, Mrs. Synthetic394",female,40.33,0,1,TICK100394,29.7055,nan,S
396,0,3,"Passenger, Mr. Synthetic395",male,26.96,0,0,TICK100395,81.9654,C20,S
397,0,3,"Passenger, Mr. Synthetic396",male,23.51,0,2,TICK100396,5.2643,nan,S
398,0,2,"Passenger, Mr. Synthetic397",male,30.96,0,1,TICK100397,38.6497,B41,S
399,1,3,"Passenger, Mrs. Synthetic398",female,17.57,0,1,TICK100398,55.5116,D69,S
400,0,2,"Passenger, Mr. Synthetic399",male,12.94,0,0,TICK100399,38.0108,nan,Q
401,0,2,"Passenger, Mr. Synthetic400",male,15.84,1,0,TICK100400,25.932,C71,S
402,0,3,"Passenger, Mr. Synthetic401",male,20.11,0,0,TICK100401,0.7122,A18,C
403,1,3,"Passenger, Mr. Synthetic402",male,12.71,0,0,TICK100402,35.456,nan,S
404,1,1,"Passenger, Mr. Synthetic403",male,31.27,0,0,TICK100403,55.0372,nan,S
405,1,3,"Passenger, Mr. Synthetic404",male,39.22,1,0,TICK100404,26.4071,C68,C
406,0,3,"Passenger, Mr. Synthetic405",male,6.78,1,0,TICK100405,25.4452,E25,S
407,1,2,"Passenger, Mrs. Synthetic406",female,29.35,0,0,TICK100406,47.0905,C52,S
408,1,3,"Passenger, Mr. Synthetic407",male,25.92,0,0,TICK100407,4.8415,nan,S
409,1,1,"Passenger, Mrs. Synthetic408",female,,0,0,TICK100408,34.2485,nan,S
410,0,3,"Passenger, Mr. Synthetic409",male,28.82,0,0,TICK100409,67.2633,nan,S
411,1,3,"Passenger, Mrs. Synthetic410",female,8.65,0,1,TICK100410,2.224,nan,S
412,0,3,"Passenger, Mr. Synthetic411",male,11.33,0,0,TICK100411,94.2856,nan,S
413,0,1,"Passenger, Mr. Synthetic412",male,29.41,2,1,TICK100412,65.0373,nan,S
414,1,3,"Passenger, Mrs. Synthetic413",female,43.4,0,1,TICK100413,13.2282,nan,S
415,0,1,"Passenger, Mr. Synthetic414",male,0.42,0,0,TICK100414,40.5601,F86,S
416,0,2,"Passenger, Mr. Synthetic415",male,33.84,0,0,TICK100415,48.0017,F51,S
417,0,1,"Passenger, Mrs. Synthetic416",female,45.65,2,0,TICK100416,22.5489,nan,S
418,0,3,"Passenger, Mrs. Synthetic417",female,26.86,4,0,TICK100417,23.1103,nan,S
419,0,1,"Passenger, Mr. Synthetic418",male,36.7,1,0,TICK100418,50.053,B37,S
420,0,3,"Passenger, Mr. Synthetic419",male,19.16,0,0,TICK100419,51.3101,nan,S
421,0,3,"Passenger, Mrs. Synthetic420",female,,0,1,TICK100420,56.305,nan,S
422,0,1,"Passenger, Mrs. Synthetic421",female,,1,2,TICK100421,109.9307,nan,S
423,1,1,"Passenger, Mrs. Synthetic422",female,0.42,1,1,TICK100422,43.4695,nan,S
424,1,1,"Passenger, Mr. Synthetic423",male,42.2,0,0,TICK100423,80.4235,nan,Q
425,0,3,"Passenger, Mrs. Synthetic424",female,15.21,0,0,TICK100424,9.2091,nan,Q
426,0,3,"Passenger, Mr. Synthetic425",male,,0,3,TICK100425,24.6085,F22,S
427,1,1,"Passenger, Mrs. Synthetic426",female,9.59,1,0,TICK100426,52.0057,E10,S
428,0,3,"Passenger, Mr. Synthetic427",male,9.26,1,0,TICK100427,18.0774,nan,S
429,1,1,"Passenger, Mrs. Synthetic428",female,26.57,0,0,TICK100428,47.8847,nan,C
430,0,3,"Passenger, Mr. Synthetic429",male,18.79,0,0,TICK100429,73.7731,F85,C
431,0,3,"Passenger, Mr. Synthetic430",male,34.29,0,0,TICK100430,33.4143,nan,S
432,1,3,"Passenger, Mrs. Synthetic431",female,35.34,0,0,TICK100431,21.3195,nan,S
433,0,3,"Passenger, Mr. Synthetic432",male,33.49,0,0,TICK100432,69.57,nan,S
434,0,3,"Passenger, Mrs. Synthetic433",female,32.34,1,0,TICK100433,75.5812,nan,C
435,0,1,"Passenger, Mr. Synthetic434",male,,0,0,TICK100434,46.2761,nan,C
436,0,1,"Passenger, Mr. Synthetic435",male,14.05,0,0,TICK100435,40.7067,nan,S
437,0,1,"Passenger, Mr. Synthetic436",male,28.23,0,0,TICK100436,72.8032,nan,S
438,0,3,"Passenger, Mr. Synthetic437",male,44.86,0,1,TICK100437,85.2359,F25,S
439,0,3,"Passenger, Mr. Synthetic438",male,46.7,0,0,TICK100438,17.498,nan,S
440,0,3,"Passenger, Mr. Synthetic439",male,9.1,0,0,TICK100439,18.8834,nan,Q
441,0,3,"Passenger, Mr. Synthetic440",male,24.63,0,0,TICK100440,55.6991,B64,S
442,1,1,"Passenger, Mrs. Synthetic441",female,48.01,1,0,TICK100441,41.847,nan,S
443,0,3,"Passenger, Mrs. Synthetic442",female,36.11,0,1,TICK100442,22.6766,nan,S
444,0,1,"Passenger, Mrs. Synthetic443",female,31.73,0,0,TICK100443,53.7912,D33,S
445,1,2,"Passenger, Mr. Synthetic444",male,25.95,0,0,TICK100444,14.5228,nan,C
446,0,3,"Passenger, Mr. Synthetic445",male,23.63,1,0,TICK100445,27.4898,nan,S
447,0,3,"Passenger, Mr. Synthetic446",male,33.04,0,0,TICK100446,3.0371,nan,C
448,0,3,"Passenger, Mrs. Synthetic447",female,25.47,1,3,TICK100447,2.6474,nan,S
449,1,1,"Passenger, Mrs. Synthetic448",female,28.4,2,1,TICK100448,66.6404,nan,S
450,0,3,"Passenger, Mr. Synthetic449",male,30.1,0,2,TICK100449,26.1049,nan,S
451,0,1,"Passenger, Mrs. Synthetic450",female,19.51,0,2,TICK100450,20.6073,nan,S
452,0,3,"Passenger, Mr. Synthetic451",male,,1,0,TICK100451,25.4143,nan,S
453,0,3,"Passenger, Mr. Synthetic452",male,69.8,0,1,TICK100452,30.1096,nan,S
454,1,1,"Passenger, Mr. Synthetic453",male,4.12,0,0,TICK100453,26.666,nan,S
455,0,1,"Passenger, Mr. Synthetic454",male,33.54,0,1,TICK100454,26.6343,nan,S
456,1,1,"Passenger, Mrs. Synthetic455",female,18.36,0,0,TICK100455,22.7884,nan,S
457,1,3,"Passenger, Mrs. Synthetic456",female,,0,0,TICK100456,17.7295,A70,S
458,0,3,"Passenger, Mr. Synthetic457",male,29.65,0,0,TICK100457,31.9136,nan,C
459,0,3,"Passenger, Mr. Synthetic458",male,39.67,0,1,TICK100458,108.0403,nan,Q
460,0,3,"Passenger, Mrs. Synthetic459",female,45.46,0,0,TICK100459,8.2888,nan,S
461,0,3,"Passenger, Mrs. Synthetic460",female,31.69,0,0,TICK100460,31.8236,nan,C
462,0,1,"Passenger, Mr. Synthetic461",male,44.85,2,0,TICK100461,36.5124,nan,C
463,0,3,"Passenger, Mr. Synthetic462",male,0.42,0,2,TICK100462,29.7107,C49,Q
464,0,2,"Passenger, Mr. Synthetic463",male,51.27,0,0,TICK100463,53.2296,C5,S
465,0,3,"Passenger, Mr. Synthetic464",male,34.25,0,0,TICK100464,15.3399,nan,S
466,0,3,"Passenger, Mrs. Synthetic465",female,44.09,0,0,TICK100465,2.8542,nan,S
467,1,3,"Passenger, Mr. Synthetic466",male,11.92,0,0,TICK100466,48.2461,nan,C
468,0,3,"Passenger, Mrs. Synthetic467",female,17.37,0,0,TICK100467,23.5148,nan,C
469,1,1,"Passenger, Mr. Synthetic468",male,,0,0,TICK100468,93.7373,nan,S
470,0,3,"Passenger, Mr. Synthetic469",male,28.76,0,1,TICK100469,6.6184,nan,S
471,0,2,"Passenger, Mrs. Synthetic470",female,32.96,0,2,TICK100470,14.4925,nan,C
472,0,3,"Passenger, Mr. Synthetic471",male,44.18,0,2,TICK100471,5.8113,nan,C
473,0,1,"Passenger, Mr. Synthetic472",male,4.29,0,0,TICK100472,150.2774,nan,S
474,1,1,"Passenger, Mrs. Synthetic473",female,42.63,0,0,TICK100473,78.5931,nan,S
475,1,2,"Passenger, Mrs. Synthetic474",female,29.12,0,0,TICK100474,19.7438,nan,S
476,0,2,"Passenger, Mr. Synthetic475",male,26.15,0,1,TICK100475,21.7203,nan,S
477,0,2,"Passenger, Mr. Synthetic476",male,8.4,0,0,TICK100476,41.5542,nan,S
478,0,3,"Passenger, Mr. Synthetic477",male,36.04,0,0,TICK100477,17.9672,F6,C
479,0,3,"Passenger, Mr. Synthetic478",male,,0,0,TICK100478,10.6336,nan,Q
480,0,2,"Passenger, Mr. Synthetic479",male,38.08,0,0,TICK100479,22.5542,nan,S
481,0,2,"Passenger, Mr. Synthetic480",male,8.11,2,0,TICK100480,76.3164,nan,S
482,0,1,"Passenger, Mrs. Synthetic481",female,29.75,0,0,TICK100481,55.6812,nan,S
483,0,3,"Passenger, Mrs. Synthetic482",female,27.33,0,0,TICK100482,66.6992,E46,S
484,1,2,"Passenger, Mrs. Synthetic483",female,45.37,0,0,TICK100483,94.8136,nan,S
485,0,1,"Passenger, Mrs. Synthetic484",female,26.5,4,0,TICK100484,54.1837,nan,S
486,1,2,"Passenger, Mrs. Synthetic485",female,19.28,0,1,TICK100485,41.6184,nan,S
487,0,3,"Passenger, Mrs. Synthetic486",female,21.91,0,0,TICK100486,5.1037,D29,S
488,1,1,"Passenger, Mrs. Synthetic487",female,46.82,4,0,TICK100487,43.1031,nan,S
489,0,3,"Passenger, Mr. Synthetic488",male,,0,1,TICK100488,11.5618,nan,C
490,1,3,"Passenger, Mr. Synthetic489",male,23.6,3,0,TICK100489,79.3957,nan,S
491,0,3,"Passenger, Mr. Synthetic490",male,,0,0,TICK100490,10.4651,nan,S
492,0,3,"Passenger, Mr. Synthetic491",male,,0,0,TICK100491,12.9926,nan,C
493,0,3,"Passenger, Mr. Synthetic492",male,34.44,0,1,TICK100492,81.5392,nan,S
494,0,2,"Passenger, Mr. Synthetic493",male,4.36,0,0,TICK100493,134.6687,nan,S
495,0,3,"Passenger, Mr. Synthetic494",male,39.53,2,0,TICK100494,31.8986,D79,S
496,0,3,"Passenger, Mr. Synthetic495",male,30.8,0,0,TICK100495,26.4922,nan,S
497,1,2,"Passenger, Mr. Synthetic496",male,62.42,4,0,TICK100496,20.8214,nan,S
498,1,3,"Passenger, Mrs. Synthetic497",female,13.6,0,0,TICK100497,46.9119,nan,S
499,0,2,"Passenger, Mrs. Synthetic498",female,27.56,0,0,TICK100498,32.1226,D46,S
500,0,3,"Passenger, Mr. Synthetic499",male,54.18,3,0,TICK100499,24.3631,nan,S
501,1,3,"Passenger, Mr. Synthetic500",male,45.68,0,1,TICK100500,21.4349,nan,S
502,0,3,"Passenger, Mr. Synthetic501",male,19.25,2,0,TICK100501,20.5944,E30,S
503,1,3,"Passenger, Mrs. Synthetic502",female,32.14,0,0,TICK100502,10.6134,B56,S
504,0,3,"Passenger, Mrs. Synthetic503",female,29.03,1,2,TICK100503,134.411,C17,S
505,0,3,"Passenger, Mr. Synthetic504",male,,0,0,TICK100504,42.6093,nan,C
506,1,3,"Passenger, Mrs. Synthetic505",female,19.22,0,3,TICK100505,130.2329,nan,S
507,0,2,"Passenger, Mr. Synthetic506",male,27.75,0,3,TICK100506,154.3779,nan,S
508,1,3,"Passenger, Mr. Synthetic507",male,6.63,0,2,TICK100507,14.8964,nan,S
509,1,3,"Passenger, Mrs. Synthetic508",female,30.89,0,0,TICK100508,21.2494,nan,S
510,0,1,"Passenger, Mr. Synthetic509",male,35.3,0,0,TICK100509,68.9316,nan,Q
511,0,1,"Passenger, Mr. Synthetic510",male,25.82,1,0,TICK100510,33.081,nan,S
512,1,3,"Passenger, Mr. Synthetic511",male,6.39,0,0,TICK100511,81.9184,D25,S
513,0,1,"Passenger, Mr. Synthetic512",male,42.84,1,1,TICK100512,40.5261,nan,C
514,1,2,"Passenger, Mrs. Synthetic513",female,,4,0,TICK100513,24.2871,nan,C
515,1,2,"Passenger, Mrs. Synthetic514",female,,0,1,TICK100514,27.2226,nan,S
516,0,1,"Passenger, Mr. Synthetic515",male,25.07,0,0,TICK100515,22.4934,nan,S
517,0,2,"Passenger, Mr. Synthetic516",male,,0,0,TICK100516,21.6193,nan,S
518,0,3,"Passenger, Mrs. Synthetic517",female,14.64,0,0,TICK100517,129.7034,nan,S
519,0,1,"Passenger, Mr. Synthetic518",male,21.47,0,0,TICK100518,37.1392,nan,S
520,1,3,"Passenger, Mrs. Synthetic519",female,46.2,1,0,TICK100519,15.1576,D59,S
521,0,3,"Passenger, Mrs. Synthetic520",female,20.05,0,0,TICK100520,28.8208,nan,C
522,0,2,"Passenger, Mr. Synthetic521",male,37.96,0,1,TICK100521,37.4349,nan,S
523,1,1,"Passenger, Mrs. Synthetic522",female,21.46,1,0,TICK100522,23.955,nan,S
524,0,3,"Passenger, Mr. Synthetic523",male,32.47,0,0,TICK100523,34.3221,C26,S
525,1,1,"Passenger, Mr. Synthetic524",male,27.02,0,0,TICK100524,23.8509,nan,S
526,0,2,"Passenger, Mr. Synthetic525",male,41.22,0,0,TICK100525,17.3204,nan,S
527,0,3,"Passenger, Mr. Synthetic526",male,21.51,1,0,TICK100526,1.8929,nan,C
528,1,3,"Passenger, Mrs. Synthetic527",female,6.98,0,0,TICK100527,49.1094,E64,S
529,0,3,"Passenger, Mrs. Synthetic528",female,9.65,0,1,TICK100528,40.3169,nan,S
530,1,2,"Passenger, Mrs. Synthetic529",female,21.55,0,0,TICK100529,23.9144,nan,S
531,0,3,"Passenger, Mrs. Synthetic530",female,11.51,0,0,TICK100530,34.6737,nan,S
532,1,3,"Passenger, Mr. Synthetic531",male,34.74,0,0,TICK100531,71.2921,nan,S
533,1,2,"Passenger, Mr. Synthetic532",male,,0,0,TICK100532,16.0209,nan,Q
534,1,3,"Passenger, Mrs. Synthetic533",female,62.24,4,1,TICK100533,15.2179,nan,S
535,0,1,"Passenger, Mrs. Synthetic534",female,,0,0,TICK100534,23.5309,nan,S
536,1,1,"Passenger, Mr. Synthetic535",male,31.85,1,1,TICK100535,20.5033,nan,Q
537,0,3,"Passenger, Mr. Synthetic536",male,13.21,0,0,TICK100536,5.5176,nan,S
538,1,1,"Passenger, Mr. Synthetic537",male,22.09,0,0,TICK100537,52.0747,nan,Q
539,0,1,"Passenger, Mr. Synthetic538",male,,0,0,TICK100538,45.386,nan,S
540,1,3,"Passenger, Mrs. Synthetic539",female,0.42,0,0,TICK100539,16.8168,A16,S
541,1,3,"Passenger, Mr. Synthetic540",male,32.32,1,3,TICK100540,28.3732,F49,Q
542,0,3,"Passenger, Mrs. Synthetic541",female,,2,0,TICK100541,60.2813,nan,S
543,1,3,"Passenger, Mrs. Synthetic542",female,,1,1,TICK100542,26.7854,nan,S
544,0,3,"Passenger, Mrs. Synthetic543",female,,0,1,TICK100543,44.4461,nan,S
545,0,1,"Passenger, Mr. Synthetic544",male,43.35,1,0,TICK100544,40.4257,nan,S
546,0,2,"Passenger, Mr. Synthetic545",male,26.7,0,0,TICK100545,11.443,nan,S
547,1,2,"Passenger, Mrs. Synthetic546",female,20.87,2,0,TICK100546,27.0429,nan,S
548,0,1,"Passenger, Mrs. Synthetic547",female,0.42,0,0,TICK100547,82.6478,nan,S
549,0,3,"Passenger, Mr. Synthetic548",male,37.97,0,1,TICK100548,29.2993,B38,S
550,1,2,"Passenger, Mrs. Synthetic549",female,27.42,0,0,TICK100549,155.7719,nan,S
551,0,3,"Passenger, Mr. Synthetic550",male,14.82,0,2,TICK100550,31.8479,E53,S
552,1,1,"Passenger, Mrs. Synthetic551",female,30.77,0,0,TICK100551,72.426,nan,S
553,1,1,"Passenger, Mr. Synthetic552",male,20.83,2,0,TICK100552,77.8077,nan,S
554,0,3,"Passenger, Mr. Synthetic553",male,21.6,1,0,TICK100553,24.6269,nan,S
555,0,1,"Passenger, Mr. Synthetic554",male,,3,0,TICK100554,40.6875,nan,S
556,0,1,"Passenger, Mr. Synthetic555",male,10.26,0,2,TICK100555,51.9891,nan,S
557,0,2,"Passenger, Mr. Synthetic556",male,43.66,0,0,TICK100556,66.2734,F16,S
558,0,3,"Passenger, Mr. Synthetic557",male,9.43,0,3,TICK100557,44.5268,nan,S
559,0,3,"Passenger, Mr. Synthetic558",male,19.72,0,1,TICK100558,42.086,F50,S
560,0,3,"Passenger, Mrs. Synthetic559",female,55.92,0,1,TICK100559,5.6006,nan,Q
561,0,1,"Passenger, Mr. Synthetic560",male,44.78,0,0,TICK100560,36.6535,nan,Q
562,1,2,"Passenger, Mrs. Synthetic561",female,30.37,0,1,TICK100561,48.8375,D33,S
563,1,3,"Passenger, Mrs. Synthetic562",female,15.83,0,0,TICK100562,20.8931,nan,Q
564,0,3,"Passenger, Mr. Synthetic563",male,21.59,0,1,TICK100563,80.9401,nan,C
565,1,3,"Passenger, Mr. Synthetic564",male,30.03,0,0,TICK100564,1.9036,D5,S
566,0,3,"Passenger, Mrs. Synthetic565",female,29.53,0,0,TICK100565,11.9024,C38,C
567,0,3,"Passenger, Mrs. Synthetic566",female,27.73,2,0,TICK100566,1.6575,nan,S
568,0,1,"Passenger, Mr. Synthetic567",male,28.57,0,0,TICK100567,31.2162,nan,S
569,1,2,"Passenger, Mrs. Synthetic568",female,26.0,1,0,TICK100568,10.4268,nan,S
570,0,3,"Passenger, Mr. Synthetic569",male,8.81,0,1,TICK100569,131.2211,nan,S
571,0,2,"Passenger, Mr. Synthetic570",male,21.77,1,0,TICK100570,42.0311,nan,S
572,0,3,"Passenger, Mrs. Synthetic571",female,41.8,1,0,TICK100571,27.9804,nan,Q
573,0,3,"Passenger, Mr. Synthetic572",male,9.84,1,0,TICK100572,28.8667,nan,S
574,1,3,"Passenger, Mrs. Synthetic573",female,26.35,0,1,TICK100573,12.5448,nan,S
575,0,3,"Passenger, Mr. Synthetic574",male,17.52,0,1,TICK100574,6.3266,nan,S
576,1,3,"Passenger, Mrs. Synthetic575",female,30.56,0,0,TICK100575,34.804,nan,S
577,1,3,"Passenger, Mr. Synthetic576",male,,0,0,TICK100576,4.7182,nan,C
578,0,3,"Passenger, Mr. Synthetic577",male,,0,2,TICK100577,1.7095,C81,C
579,1,3,"Passenger, Mr. Synthetic578",male,36.09,0,1,TICK100578,13.9585,nan,S
580,1,2,"Passenger, Mr. Synthetic579",male,10.63,0,0,TICK100579,39.7582,A12,S
581,1,3,"Passenger, Mrs. Synthetic580",female,,0,0,TICK100580,3.144,nan,S
582,1,3,"Passenger, Mr. Synthetic581",male,18.15,0,1,TICK100581,58.9336,D16,S
583,0,1,"Passenger, Mr. Synthetic582",male,,0,0,TICK100582,46.5129,nan,C
584,1,2,"Passenger, Mr. Synthetic583",male,33.39,1,1,TICK100583,95.7753,nan,C
585,0,3,"Passenger, Mr. Synthetic584",male,22.12,1,0,TICK100584,1.4219,nan,S
586,1,3,"Passenger, Mrs. Synthetic585",female,41.5,0,1,TICK100585,0.5002,F84,S
587,1,1,"Passenger, Mr. Synthetic586",male,,0,0,TICK100586,29.7187,nan,S
588,1,2,"Passenger, Mrs. Synthetic587",female,20.33,0,0,TICK100587,11.0699,nan,S
589,0,1,"Passenger, Mr. Synthetic588",male,19.81,0,3,TICK100588,71.6115,nan,S
590,1,1,"Passenger, Mrs. Synthetic589",female,21.08,0,1,TICK100589,62.132,nan,S
591,0,3,"Passenger, Mr. Synthetic590",male,44.39,0,1,TICK100590,17.0528,nan,S
592,1,2,"Passenger, Mr. Synthetic591",male,37.8,3,2,TICK100591,16.39,B62,Q
593,0,2,"Passenger, Mrs. Synthetic592",female,52.94,0,0,TICK100592,35.7798,nan,S
594,1,3,"Passenger, Mrs. Synthetic593",female,60.75,1,0,TICK100593,26.1532,nan,S
595,1,1,"Passenger, Mrs. Synthetic594",female,14.57,0,0,TICK100594,71.2473,F16,S
596,0,2,"Passenger, Mr. Synthetic595",male,29.99,0,0,TICK100595,16.7086,nan,S
597,0,3,"Passenger, Mr. Synthetic596",male,12.53,1,0,TICK100596,43.9707,D73,S
598,1,3,"Passenger, Mrs. Synthetic597",female,18.11,0,2,TICK100597,37.4178,nan,S
599,0,3,"Passenger, Mr. Synthetic598",male,20.18,1,0,TICK100598,18.2308,nan,S
600,1,3,"Passenger, Mrs. Synthetic599",female,14.2,0,0,TICK100599,1.6844,nan,S
